Date,Name,Year,Letterboxd URI
2026-01-27,A Clockwork Orange,1971,https://boxd.it/2aVE
2026-01-27,Gattaca,1997,https://boxd.it/29Du
2026-01-27,Paprika,2006,https://boxd.it/23wW
2026-01-27,Beetlejuice Beetlejuice,2024,https://boxd.it/yyGs
2026-01-27,Beetlejuice,1988,https://boxd.it/24QI
2026-01-27,"O Brother, Where Art Thou?",2000,https://boxd.it/2b3I
2026-01-27,The Ritual,2017,https://boxd.it/fo0I
2026-01-27,Fantastic Beasts: The Secrets of Dumbledore,2022,https://boxd.it/bg8Q
2026-01-27,The Big Lebowski,1998,https://boxd.it/2b6C
2026-01-27,Twin Peaks: The Missing Pieces,2014,https://boxd.it/8NH4
2026-01-27,Gone Girl,2014,https://boxd.it/6hQu
2026-01-27,The Game,1997,https://boxd.it/26vC
2026-01-27,The Circle,2017,https://boxd.it/bj1I
2026-01-27,Snatch,2000,https://boxd.it/2b7U
2026-01-27,Gladiator II,2024,https://boxd.it/kqQQ
2026-01-27,Deadpool,2016,https://boxd.it/9fOC
2026-01-27,Glass Onion,2022,https://boxd.it/oCkK
2026-01-27,Twin Peaks: Fire Walk with Me,1992,https://boxd.it/27Qw
2026-01-27,Frankenstein,2025,https://boxd.it/Ecsg
2026-01-27,Dracula,2025,https://boxd.it/Lng0
2026-01-27,The Holdovers,2023,https://boxd.it/vHza
2026-01-27,It's a Wonderful Life,1946,https://boxd.it/28xA
2026-01-27,Wake Up Dead Man,2025,https://boxd.it/uAKS
2026-01-27,The Worst Person in the World,2021,https://boxd.it/oyws
2026-01-27,Home Alone,1990,https://boxd.it/29Fg
2026-01-27,Angel's Egg,1985,https://boxd.it/1LeA
2026-01-27,Rabbits,2002,https://boxd.it/SaI
2026-01-27,Inland Empire,2006,https://boxd.it/28d6
2026-01-27,EXmas,2023,https://boxd.it/JeKc
2026-01-27,Keeper,2025,https://boxd.it/N8lI
2026-01-27,Following,1998,https://boxd.it/1Tj4
2026-01-27,Insomnia,2002,https://boxd.it/2aB0
2026-01-27,Triangle,2009,https://boxd.it/1tQG
2026-01-27,One Battle After Another,2025,https://boxd.it/DUHM
2026-01-27,Dune: Part Two,2024,https://boxd.it/pUfA
2026-01-27,The Christmas Dragon,2014,https://boxd.it/9W80
2026-01-27,Red One,2024,https://boxd.it/vTBM
2026-01-27,Orpheus,1950,https://boxd.it/247o
2026-01-27,The Blood of a Poet,1932,https://boxd.it/19Bw
2026-01-27,Aftersun,2022,https://boxd.it/Arw0
2026-01-27,Portrait of a Lady on Fire,2019,https://boxd.it/jkPq
2026-01-27,Nouvelle Vague,2025,https://boxd.it/LLLQ
2026-01-27,Breathless,1960,https://boxd.it/2aIK
2026-01-27,Memoir of a Snail,2024,https://boxd.it/EgX8
2026-01-27,Flow,2024,https://boxd.it/v1Ei
2026-01-27,Ratatouille,2007,https://boxd.it/27ww
2026-01-27,Minority Report,2002,https://boxd.it/2aWi
2026-01-27,Prometheus,2012,https://boxd.it/2s9e
2026-01-27,Back to the Future,1985,https://boxd.it/2b8e
2026-01-27,Gladiator,2000,https://boxd.it/2b9m
2026-01-27,Pink Floyd: Live at Pompeii,1972,https://boxd.it/1v90
2026-01-27,Taken 3,2014,https://boxd.it/7Iqq
2026-01-27,Taken 2,2012,https://boxd.it/2TWi
2026-01-27,Don't Say a Word,2001,https://boxd.it/1Sxu
2026-01-27,Jennifer's Body,2009,https://boxd.it/1Efw
2026-01-27,The Village,2004,https://boxd.it/21iS
2026-01-27,The Cabin in the Woods,2011,https://boxd.it/1zOc
2026-01-27,Requiem for a Dream,2000,https://boxd.it/29VI
2026-01-27,A Big Bold Beautiful Journey,2025,https://boxd.it/Lcle
2026-01-27,The Spiderwick Chronicles,2008,https://boxd.it/20v2
2026-01-27,The Water Horse,2007,https://boxd.it/uzY
2026-01-27,Whiplash,2014,https://boxd.it/7bQA
2026-01-27,Donnie Darko,2001,https://boxd.it/2b2A
2026-01-27,Black Swan,2010,https://boxd.it/Sw0
2026-01-27,How to Train Your Dragon,2025,https://boxd.it/F7Je
2026-01-27,Coraline,2009,https://boxd.it/1NhQ
2026-01-27,Dead Again,1991,https://boxd.it/1TIe
2026-01-27,Wild,2014,https://boxd.it/6KQo
2026-01-27,Perfect Blue,1997,https://boxd.it/1W7A
2026-01-27,Good Boy,2025,https://boxd.it/SC0q
2026-01-27,Green Lantern,2011,https://boxd.it/QN4
2026-01-27,Bird Box Barcelona,2023,https://boxd.it/ujzS
2026-01-27,Sausage Party,2016,https://boxd.it/6CCe
2026-01-27,Fountain of Youth,2025,https://boxd.it/Fwx8
2026-01-27,A Minecraft Movie,2025,https://boxd.it/zRro
2026-01-27,McWalter,2025,https://boxd.it/NDz2
2026-01-27,Through My Window: Across the Sea,2023,https://boxd.it/BkEI
2026-01-27,Through My Window,2022,https://boxd.it/uQGW
2026-01-27,Godard Mon Amour,2017,https://boxd.it/eGLK
2026-01-27,La Chinoise,1967,https://boxd.it/28rC
2026-01-27,"Alba, the wandering shadows",2015,https://boxd.it/yZtg
2026-01-27,Anemone,2025,https://boxd.it/QxVi
2026-01-27,Corpse Bride,2005,https://boxd.it/24WQ
2026-01-27,Midnight in Paris,2011,https://boxd.it/i4a
2026-01-27,In the Mood for Love,2000,https://boxd.it/29tE
2026-01-27,Fallen Angels,1995,https://boxd.it/1UkW
2026-01-27,Videodrome,1983,https://boxd.it/29uC
2026-01-27,50/50,2011,https://boxd.it/10Tw
2026-01-27,Masculin Féminin,1966,https://boxd.it/23UY
2026-01-27,The Edge of Seventeen,2016,https://boxd.it/d5nu
2026-01-27,Café de Flore,2011,https://boxd.it/302Q
2026-01-27,The Shape of Water,2017,https://boxd.it/dZ5m
2026-01-27,Real Steel,2011,https://boxd.it/147m
2026-01-27,Very Happy Alexander,1968,https://boxd.it/1GAG
2026-01-27,The Wind Rises,2013,https://boxd.it/4JQS
2026-01-27,The History of Sound,2025,https://boxd.it/xFY2
2026-01-27,Spartacus,1960,https://boxd.it/29bq
2026-01-27,Eyes Wide Shut,1999,https://boxd.it/2axs
2026-01-27,All of Us Strangers,2023,https://boxd.it/Bz3C
2026-01-27,Rear Window,1954,https://boxd.it/2a6Q
2026-01-27,Lemony Snicket's A Series of Unfortunate Events,2004,https://boxd.it/1T7s
2026-01-27,In the Tall Grass,2019,https://boxd.it/iZpm
2026-01-27,Signs,2002,https://boxd.it/26t2
2026-01-27,The Path of Excellence,2023,https://boxd.it/Boya
2026-01-27,Palm Springs,2020,https://boxd.it/lCXQ
2026-01-27,The Man from Earth,2007,https://boxd.it/1Ql2
2026-01-27,Manchester by the Sea,2016,https://boxd.it/b2L0
2026-01-27,There Will Be Blood,2007,https://boxd.it/20Z2
2026-01-27,Persepolis,2007,https://boxd.it/27DC
2026-01-27,Anna Kiri,2025,https://boxd.it/H6Ak
2026-01-27,Mulholland Drive,2001,https://boxd.it/297o
2026-01-27,Last Year at Marienbad,1961,https://boxd.it/24Qe
2026-01-27,Frances Ha,2012,https://boxd.it/41Xg
2026-01-27,Chef,2014,https://boxd.it/6lCG
2026-01-27,The Perks of Being a Wallflower,2012,https://boxd.it/2ZA8
2026-01-27,Romeo + Juliet,1996,https://boxd.it/2ama
2026-01-27,Black Widow,2021,https://boxd.it/hWV8
2026-01-27,Ruby Sparks,2012,https://boxd.it/3w9O
2026-01-27,Brokeback Mountain,2005,https://boxd.it/2b2q
2026-01-27,My Old Ass,2024,https://boxd.it/zLP0
2026-01-27,Serial Teachers 2,2015,https://boxd.it/aCqq
2026-01-27,Serial Teachers,2013,https://boxd.it/5xY8
2026-01-27,The Climb,2017,https://boxd.it/eTWm
2026-01-27,Tenor,2022,https://boxd.it/zhBC
2026-01-27,James and the Giant Peach,1996,https://boxd.it/1W0O
2026-01-27,Dumb Money,2023,https://boxd.it/tNdU
2026-01-27,The Batman,2022,https://boxd.it/eDGs
2026-01-27,Death at a Funeral,2007,https://boxd.it/27dO
2026-01-27,Licorice Pizza,2021,https://boxd.it/qTKY
2026-01-27,Past Lives,2023,https://boxd.it/oNB8
2026-01-27,Weapons,2025,https://boxd.it/EMTM
2026-01-27,Snowden,2016,https://boxd.it/9CWO
2026-01-27,The Blair Witch Project,1999,https://boxd.it/26ua
2026-01-27,Citizen Kane,1941,https://boxd.it/71O
2026-01-27,Rain Man,1988,https://boxd.it/2avw
2026-01-27,Once Upon a Time in the West,1968,https://boxd.it/2az4
2026-01-27,Anora,2024,https://boxd.it/Egcw
2026-01-27,The Long Walk,2025,https://boxd.it/mic8
2026-01-27,Saltburn,2023,https://boxd.it/z4eg
2026-01-27,The Conjuring: Last Rites,2025,https://boxd.it/Dh8e
2026-01-27,Hereditary,2018,https://boxd.it/hNVe
2026-01-27,Memento,2000,https://boxd.it/2bcK
2026-01-27,A Real Pain,2024,https://boxd.it/CjNG
2026-01-27,Wolfs,2024,https://boxd.it/x6zG
2026-01-27,The Shining,1980,https://boxd.it/29Nu
2026-01-27,Amélie,2001,https://boxd.it/2aUc
2026-01-27,Crank,2006,https://boxd.it/27MY
2026-01-27,Fargo,1996,https://boxd.it/2aHM
2026-01-27,Blade Runner,1982,https://boxd.it/2bcA
2026-01-27,Flightplan,2005,https://boxd.it/1YZu
2026-01-27,Five Nights at Freddy's,2023,https://boxd.it/ikHu
2026-01-27,Fresh,2022,https://boxd.it/tCNi
2026-01-27,F1,2025,https://boxd.it/yjVM
2026-01-27,Chinatown,1974,https://boxd.it/29vU
2026-01-27,Reservoir Dogs,1992,https://boxd.it/2agc
2026-01-27,Jurassic World Rebirth,2025,https://boxd.it/KUeE
2026-01-27,A Perfect Murder,1998,https://boxd.it/27Ke
2026-01-27,The Wild Robot,2024,https://boxd.it/IWFy
2026-01-27,The Phoenician Scheme,2025,https://boxd.it/H0Ca
2026-01-27,Fantastic Mr. Fox,2009,https://boxd.it/1WyQ
2026-01-27,The Darjeeling Limited,2007,https://boxd.it/24as
2026-01-27,The Royal Tenenbaums,2001,https://boxd.it/1YHU
2026-01-27,Eternal Sunshine of the Spotless Mind,2004,https://boxd.it/6YK
2026-01-27,Next Floor,2008,https://boxd.it/3psY
2026-01-27,Enemy,2013,https://boxd.it/5xtO
2026-01-27,Star Wars: Episode III – Revenge of the Sith,2005,https://boxd.it/27US
2026-01-27,Primer,2004,https://boxd.it/6YA
2026-01-27,Coherence,2013,https://boxd.it/6xza
2026-01-27,1981,2009,https://boxd.it/1lOC
2026-01-27,Dinosaur,2000,https://boxd.it/1VWi
2026-01-27,Red Notice,2021,https://boxd.it/ixtq
2026-01-27,1987,2014,https://boxd.it/8BaC
2026-01-27,Beautiful Boy,2018,https://boxd.it/g76Q
2026-01-27,Snow White,2025,https://boxd.it/fVuc
2026-01-27,Eternals,2021,https://boxd.it/j36o
2026-01-27,OSS 117: Lost in Rio,2009,https://boxd.it/1LVu
2026-01-27,Bad Times at the El Royale,2018,https://boxd.it/fSA2
2026-01-27,Moonrise Kingdom,2012,https://boxd.it/2Wng
2026-01-27,Valerian and the City of a Thousand Planets,2017,https://boxd.it/biYY
2026-01-27,Lady Bird,2017,https://boxd.it/dGNE
2026-01-27,Percy Jackson & the Olympians: The Lightning Thief,2010,https://boxd.it/1gJi
2026-01-27,Silver Linings Playbook,2012,https://boxd.it/2TTo
2026-01-27,Sinister,2012,https://boxd.it/2TnW
2026-01-27,Lost in Translation,2003,https://boxd.it/2b0E
2026-01-27,Venom,2018,https://boxd.it/b8wA
2026-01-27,Spider-Man: Homecoming,2017,https://boxd.it/aboM
2026-01-27,Jurassic World: Fallen Kingdom,2018,https://boxd.it/bOnU
2026-01-27,Little Miss Sunshine,2006,https://boxd.it/29EW
2026-01-27,Wonka,2023,https://boxd.it/tCQm
2026-01-27,Coco,2017,https://boxd.it/bYJQ
2026-01-27,Zodiac,2007,https://boxd.it/27MO
2026-01-27,"Crazy, Stupid, Love.",2011,https://boxd.it/D9A
2026-01-27,About Time,2013,https://boxd.it/43bI
2026-01-27,Transformers,2007,https://boxd.it/280c
2026-01-27,Scary Movie,2000,https://boxd.it/24CG
2026-01-27,Brothers,2009,https://boxd.it/20WW
2026-01-27,Star Wars: Episode I – The Phantom Menace,1999,https://boxd.it/27Vc
2026-01-27,Get Out,2017,https://boxd.it/eOCm
2026-01-27,Troy,2004,https://boxd.it/29TW
2026-01-27,Star Wars,1977,https://boxd.it/72s
2026-01-27,Jojo Rabbit,2019,https://boxd.it/iEBG
2026-01-27,Avengers: Infinity War,2018,https://boxd.it/9vEe
2026-01-27,The Fall Guy,2024,https://boxd.it/s0Bm
2026-01-27,The Breakfast Club,1985,https://boxd.it/27q4
2026-01-27,Once Upon a Time... in Hollywood,2019,https://boxd.it/gH0O
2026-01-27,Oppenheimer,2023,https://boxd.it/wUow
2026-01-27,Camping,2006,https://boxd.it/1QYy
2026-01-27,Taxi 3,2003,https://boxd.it/26U8
2026-01-27,Asterix & Obelix: God Save Britannia,2012,https://boxd.it/3q3K
2026-01-27,Johnny English Strikes Again,2018,https://boxd.it/gzGW
2026-01-27,The Hangover Part III,2013,https://boxd.it/3GNY
2026-01-27,Rio 2,2014,https://boxd.it/5jfy
2026-01-27,The Sorcerer's Apprentice,2010,https://boxd.it/1sGg
2026-01-27,Night at the Museum: Battle of the Smithsonian,2009,https://boxd.it/1H7U
2026-01-27,Kong: Skull Island,2017,https://boxd.it/9ewM
2026-01-27,Minions: The Rise of Gru,2022,https://boxd.it/fz9w
2026-01-27,The Croods,2013,https://boxd.it/FRE
2026-01-27,Shrek the Third,2007,https://boxd.it/29yY
2026-01-27,The Lost World: Jurassic Park,1997,https://boxd.it/2azS
2026-01-27,Clash of the Titans,2010,https://boxd.it/1GfI
2026-01-27,Captain Marvel,2019,https://boxd.it/9vSA
2026-01-27,Inside Out,2015,https://boxd.it/4KHC
2026-01-27,Wrath of Man,2021,https://boxd.it/nEia
2026-01-27,Life,2017,https://boxd.it/dRqG
2026-01-27,Pirates of the Caribbean: Dead Men Tell No Tales,2017,https://boxd.it/5a9m
2026-01-27,Guardians of the Galaxy Vol. 3,2023,https://boxd.it/fVNI
2026-01-27,Carry-On,2024,https://boxd.it/C0B2
2026-01-27,Death of a Unicorn,2025,https://boxd.it/HCPm
2026-01-27,From Dusk Till Dawn,1996,https://boxd.it/29HQ
2026-01-27,Mission: Impossible – Dead Reckoning,2023,https://boxd.it/l7zS
2026-01-27,Avatar: The Way of Water,2022,https://boxd.it/2E2E
2026-01-27,Thor: Love and Thunder,2022,https://boxd.it/mMAY
2026-01-27,Suicide Squad,2016,https://boxd.it/9row
2026-01-27,Bridge to Terabithia,2007,https://boxd.it/28YG
2026-01-27,The Brutalist,2024,https://boxd.it/k4BO
2026-01-27,12 Angry Men,1957,https://boxd.it/2auI
2026-01-27,Take Shelter,2011,https://boxd.it/DQ
2026-01-27,The Three Kings,2001,https://boxd.it/1HcU
2026-01-27,The Brats,2013,https://boxd.it/5AlI
2026-01-27,Would I Lie to You? 2,2001,https://boxd.it/1jh2
2026-01-27,Mais qui a re-tué Pamela Rose ?,2012,https://boxd.it/4tkw
2026-01-27,The Miser,1980,https://boxd.it/1TfQ
2026-01-27,Mais qui a tué Pamela Rose ?,2003,https://boxd.it/1E3A
2026-01-27,Raining Cats and Frogs,2003,https://boxd.it/1Ahy
2026-01-27,The Three Brothers: The Return,2014,https://boxd.it/7efM
2026-01-27,The Little Bather,1968,https://boxd.it/MFq
2026-01-27,The Visitors II: The Corridors of Time,1998,https://boxd.it/1Wtw
2026-01-27,Superchondriac,2014,https://boxd.it/7hHa
2026-01-27,Don't Die Too Hard!,2001,https://boxd.it/1Mec
2026-01-27,Gramps Is in the Resistance,1983,https://boxd.it/HFK
2026-01-27,The Gendarme and the Creatures from Outer Space,1979,https://boxd.it/1W4w
2026-01-27,Delusions of Grandeur,1971,https://boxd.it/1Ors
2026-01-27,Tomorrow,2015,https://boxd.it/cT6G
2026-01-27,The Discord,1978,https://boxd.it/1TDe
2026-01-27,HOUBA! On the Trail of the Marsupilami,2012,https://boxd.it/3u7c
2026-01-27,Dragon Hunters,2008,https://boxd.it/1VmE
2026-01-27,Nothing to Declare,2010,https://boxd.it/zSG
2026-01-27,The Brice Man,2005,https://boxd.it/1INs
2026-01-27,The Restaurant,1966,https://boxd.it/1EWU
2026-01-27,Simply Black,2020,https://boxd.it/pmzc
2026-01-27,The Three Brothers,1995,https://boxd.it/17PG
2026-01-27,Santa Claus Is a Stinker,1982,https://boxd.it/1NFe
2026-01-27,Kaamelott: The First Chapter,2021,https://boxd.it/lduY
2026-01-27,Jack and the Cuckoo-Clock Heart,2013,https://boxd.it/68tc
2026-01-27,Le Gendarme de Saint-Tropez,1964,https://boxd.it/23Uk
2026-01-27,The Cabbage Soup,1981,https://boxd.it/1YZa
2026-01-27,OSS 117: From Africa with Love,2021,https://boxd.it/mjce
2026-01-27,Polisse,2011,https://boxd.it/2rHk
2026-01-27,Micmacs,2009,https://boxd.it/1qCQ
2026-01-27,Sink or Swim,2018,https://boxd.it/hqqM
2026-01-27,Taxi 4,2007,https://boxd.it/26TY
2026-01-27,C'est la vie!,2017,https://boxd.it/fk34
2026-01-27,Asterix: The Mansions of the Gods,2014,https://boxd.it/5gge
2026-01-27,Smoking Causes Coughing,2022,https://boxd.it/wVl4
2026-01-27,Taxi 2,2000,https://boxd.it/26Us
2026-01-27,The Brand New Testament,2015,https://boxd.it/aPMO
2026-01-27,"OSS 117: Cairo, Nest of Spies",2006,https://boxd.it/1MIm
2026-01-27,March of the Penguins,2005,https://boxd.it/28lE
2026-01-27,The Dinner Game,1998,https://boxd.it/1YJ2
2026-01-27,Don't Look Now... We're Being Shot At!,1966,https://boxd.it/20oq
2026-01-27,Wasabi,2001,https://boxd.it/27pK
2026-01-27,Welcome to the Sticks,2008,https://boxd.it/20si
2026-01-27,Cyrano de Bergerac,1990,https://boxd.it/1TgY
2026-01-27,Asterix at the Olympic Games,2008,https://boxd.it/26Nw
2026-01-27,Serial (Bad) Weddings,2014,https://boxd.it/7Nw4
2026-01-27,The Visitors,1993,https://boxd.it/1TeI
2026-01-27,A Monster in Paris,2011,https://boxd.it/2Ghc
2026-01-27,The Boxtrolls,2014,https://boxd.it/5grw
2026-01-27,The Chorus,2004,https://boxd.it/22X8
2026-01-27,ParaNorman,2012,https://boxd.it/2FuY
2026-01-27,Taxi,1998,https://boxd.it/26UM
2026-01-27,Arthur and the Invisibles,2006,https://boxd.it/1Xm2
2026-01-27,Arthur and the Revenge of Maltazard,2009,https://boxd.it/1tKI
2026-01-27,Arthur 3: The War of the Two Worlds,2010,https://boxd.it/VFO
2026-01-27,The Artist,2011,https://boxd.it/2AwK
2026-01-27,Ice Age: The Meltdown,2006,https://boxd.it/2wRk
2026-01-27,Madagascar 3: Europe's Most Wanted,2012,https://boxd.it/2NF6
2026-01-27,Wrath of the Titans,2012,https://boxd.it/nlU
2026-01-27,Chicken Little,2005,https://boxd.it/1Xnu
2026-01-27,Ice Age: Dawn of the Dinosaurs,2009,https://boxd.it/20iC
2026-01-27,Penguins of Madagascar,2014,https://boxd.it/89tc
2026-01-27,The Golden Compass,2007,https://boxd.it/272Q
2026-01-27,Ice Age: Collision Course,2016,https://boxd.it/8upq
2026-01-27,Madagascar: Escape 2 Africa,2008,https://boxd.it/1W2K
2026-01-27,Chicken Run,2000,https://boxd.it/20Xg
2026-01-27,The Lost City of Z,2016,https://boxd.it/a7jS
2026-01-27,Ocean's Thirteen,2007,https://boxd.it/2aEy
2026-01-27,Monster House,2006,https://boxd.it/1Z2e
2026-01-27,Alice Through the Looking Glass,2016,https://boxd.it/75Yo
2026-01-27,Eragon,2006,https://boxd.it/26Fs
2026-01-27,Castle in the Sky,1986,https://boxd.it/1W4G
2026-01-27,The Adventures of Tintin,2011,https://boxd.it/1Irc
2026-01-27,Transporter 3,2008,https://boxd.it/1QhE
2026-01-27,Dawn of the Planet of the Apes,2014,https://boxd.it/3XyQ
2026-01-27,22 Jump Street,2014,https://boxd.it/5Fvy
2026-01-27,Rise of the Planet of the Apes,2011,https://boxd.it/cS4
2026-01-27,Die Hard 2,1990,https://boxd.it/28zw
2026-01-27,Ice Age: Continental Drift,2012,https://boxd.it/lQ2
2026-01-27,The A-Team,2010,https://boxd.it/1dHS
2026-01-27,The Mechanic,2011,https://boxd.it/1rtg
2026-01-27,War for the Planet of the Apes,2017,https://boxd.it/8FE2
2026-01-27,Men in Black: International,2019,https://boxd.it/hdJw
2026-01-27,Back to the Future Part III,1990,https://boxd.it/2aTS
2026-01-27,The Chronicles of Riddick,2004,https://boxd.it/26iy
2026-01-27,Transcendence,2014,https://boxd.it/4VSQ
2026-01-27,Knight and Day,2010,https://boxd.it/17po
2026-01-27,The Chronicles of Narnia: Prince Caspian,2008,https://boxd.it/26Hy
2026-01-27,The Expendables,2010,https://boxd.it/1rtA
2026-01-27,Transporter 2,2005,https://boxd.it/1YWq
2026-01-27,Prince of Persia: The Sands of Time,2010,https://boxd.it/1YpQ
2026-01-27,The Jungle Book,1967,https://boxd.it/1YY2
2026-01-27,Robots,2005,https://boxd.it/1Xve
2026-01-27,Gremlins,1984,https://boxd.it/29gg
2026-01-27,Despicable Me 2,2013,https://boxd.it/3gg0
2026-01-27,The Transporter,2002,https://boxd.it/24Nu
2026-01-27,9,2009,https://boxd.it/1Scm
2026-01-27,What Happened to Monday,2017,https://boxd.it/ejUu
2026-01-27,Journey 2: The Mysterious Island,2012,https://boxd.it/2o8m
2026-01-27,Dark Shadows,2012,https://boxd.it/bQ2
2026-01-27,Creed,2015,https://boxd.it/a2qk
2026-01-27,The World Is Not Enough,1999,https://boxd.it/1a94
2026-01-27,Bee Movie,2007,https://boxd.it/22Vw
2026-01-27,John Carter,2012,https://boxd.it/FQ2
2026-01-27,Mortal Engines,2018,https://boxd.it/fahg
2026-01-27,Hugo,2011,https://boxd.it/R08
2026-01-27,How to Train Your Dragon 2,2014,https://boxd.it/2TRW
2026-01-27,Aquaman,2018,https://boxd.it/9ru0
2026-01-27,Rocketman,2019,https://boxd.it/iehK
2026-01-27,Fantastic Beasts: The Crimes of Grindelwald,2018,https://boxd.it/bg8G
2026-01-27,The New Mutants,2020,https://boxd.it/bjle
2026-01-27,Mission: Impossible II,2000,https://boxd.it/29cS
2026-01-27,A Quiet Place Part II,2020,https://boxd.it/iTx0
2026-01-27,Indiana Jones and the Kingdom of the Crystal Skull,2008,https://boxd.it/2aR8
2026-01-27,Monsters vs Aliens,2009,https://boxd.it/1M50
2026-01-27,Warcraft,2016,https://boxd.it/2czK
2026-01-27,Tarzan,1999,https://boxd.it/18YO
2026-01-27,Mission: Impossible – Rogue Nation,2015,https://boxd.it/5rI4
2026-01-27,The King's Speech,2010,https://boxd.it/dX0
2026-01-27,Mission: Impossible – Ghost Protocol,2011,https://boxd.it/psI
2026-01-27,Kindergarten Cop,1990,https://boxd.it/29dm
2026-01-27,The Lorax,2012,https://boxd.it/2w9M
2026-01-27,How to Train Your Dragon: The Hidden World,2019,https://boxd.it/5a9w
2026-01-27,Jurassic Park III,2001,https://boxd.it/2azI
2026-01-27,Hotel Transylvania,2012,https://boxd.it/2DF6
2026-01-27,Rio,2011,https://boxd.it/NKc
2026-01-27,Mission: Impossible III,2006,https://boxd.it/29cI
2026-01-27,Cars 2,2011,https://boxd.it/H4Y
2026-01-27,Super 8,2011,https://boxd.it/dVI
2026-01-27,Justice League,2017,https://boxd.it/4w68
2026-01-27,Nightmare Alley,2021,https://boxd.it/m0HC
2026-01-27,Ad Astra,2019,https://boxd.it/ePzI
2026-01-27,Ice Age,2002,https://boxd.it/2apS
2026-01-27,Minions,2015,https://boxd.it/6jCO
2026-01-27,Toy Story 4,2019,https://boxd.it/9ALu
2026-01-27,Mars Attacks!,1996,https://boxd.it/2bd4
2026-01-27,Brave,2012,https://boxd.it/bVG
2026-01-27,Planet of the Apes,2001,https://boxd.it/29ps
2026-01-27,Madagascar,2005,https://boxd.it/29dc
2026-01-27,Despicable Me,2010,https://boxd.it/1DD8
2026-01-27,Soul,2020,https://boxd.it/ioLA
2026-01-27,Mission: Impossible – Fallout,2018,https://boxd.it/bSVc
2026-01-27,Speed,1994,https://boxd.it/28qk
2026-01-27,The Mask,1994,https://boxd.it/29rS
2026-01-27,Godzilla Minus One,2023,https://boxd.it/zu4c
2026-01-27,Miss Peregrine's Home for Peculiar Children,2016,https://boxd.it/8KPu
2026-01-27,Zack Snyder's Justice League,2021,https://boxd.it/tLOk
2026-01-27,Indiana Jones and the Dial of Destiny,2023,https://boxd.it/b8vM
2026-01-27,Zootopia,2016,https://boxd.it/84xS
2026-01-27,Divergent,2014,https://boxd.it/4VT0
2026-01-27,RED,2010,https://boxd.it/13uu
2026-01-27,Alita: Battle Angel,2019,https://boxd.it/e0rS
2026-01-27,Spider-Man: Into the Spider-Verse,2018,https://boxd.it/azpY
2026-01-27,"The Chronicles of Narnia: The Lion, the Witch and the Wardrobe",2005,https://boxd.it/2ark
2026-01-27,Ghostbusters,1984,https://boxd.it/g2w
2026-01-27,Shrek 2,2004,https://boxd.it/29z8
2026-01-27,Fantastic Beasts and Where to Find Them,2016,https://boxd.it/7FPC
2026-01-27,The Greatest Showman,2017,https://boxd.it/acjI
2026-01-27,Lilo & Stitch,2002,https://boxd.it/1TAY
2026-01-27,Atlantis: The Lost Empire,2001,https://boxd.it/1Vck
2026-01-27,Saw,2004,https://boxd.it/2aWW
2026-01-27,Fear City: A Family-Style Comedy,1994,https://boxd.it/1MOO
2026-01-27,Asterix & Obelix: Mission Cleopatra,2002,https://boxd.it/268o
2026-01-27,Hercules,1997,https://boxd.it/1SDW
2026-01-27,Thor: Ragnarok,2017,https://boxd.it/8MHi
2026-01-27,Hidden Figures,2016,https://boxd.it/dgS4
2026-01-27,The Help,2011,https://boxd.it/EDm
2026-01-27,Frankenweenie,2012,https://boxd.it/bPS
2026-01-27,Mickey 17,2025,https://boxd.it/q1Dk
2026-01-27,The Seventh Seal,1957,https://boxd.it/2ahO
2026-01-27,Demolition,2015,https://boxd.it/9GuY
2026-01-27,E.T. the Extra-Terrestrial,1982,https://boxd.it/2a1G
2026-01-27,Drive,2011,https://boxd.it/IG
2026-01-27,(500) Days of Summer,2009,https://boxd.it/1EmM
2026-01-27,Casino Royale,2006,https://boxd.it/1alk
2026-01-27,Anatomy of a Fall,2023,https://boxd.it/yuDE
2026-01-27,The Great Gatsby,2013,https://boxd.it/JY
2026-01-27,Scott Pilgrim vs. the World,2010,https://boxd.it/1Aq6
2026-01-27,Baby Driver,2017,https://boxd.it/bhF2
2026-01-27,Knives Out,2019,https://boxd.it/jWEA
2026-01-27,The Notebook,2004,https://boxd.it/1UNE
2026-01-27,The Truman Show,1998,https://boxd.it/18U8
2026-01-27,Prisoners,2013,https://boxd.it/4E5i
2026-01-27,End of Watch,2012,https://boxd.it/2F5O
2026-01-27,1991,2018,https://boxd.it/hFgW
2026-01-27,Azur & Asmar: The Princes' Quest,2006,https://boxd.it/1FQy
2026-01-27,The King and the Mockingbird,1980,https://boxd.it/1At0
2026-01-27,The Nightmare Before Christmas,1993,https://boxd.it/1YzQ
2026-01-27,Moulin Rouge!,2001,https://boxd.it/29wI
2026-01-27,Howl's Moving Castle,2004,https://boxd.it/23De
2026-01-27,Dead Poets Society,1989,https://boxd.it/2aSg
2026-01-27,Arrival,2016,https://boxd.it/aNGk
2026-01-27,The Grand Budapest Hotel,2014,https://boxd.it/3ZqO
2026-01-27,La La Land,2016,https://boxd.it/a5fa
2026-01-27,Shutter Island,2010,https://boxd.it/1U82
2026-01-27,The Prestige,2006,https://boxd.it/293w
2026-01-27,Good Will Hunting,1997,https://boxd.it/2ahY
2026-01-27,Conclave,2024,https://boxd.it/AO8q
2026-01-27,Murder on the Orient Express,2017,https://boxd.it/dHjA
2026-01-27,A Haunting in Venice,2023,https://boxd.it/zGdg
2026-01-27,The Girl with the Dragon Tattoo,2011,https://boxd.it/2Pa
2026-01-27,Incendies,2010,https://boxd.it/Msm
2026-01-27,The Lego Movie,2014,https://boxd.it/4pDO
2026-01-27,Stronger,2017,https://boxd.it/dRqQ
2026-01-27,The Interview,2014,https://boxd.it/6KQ4
2026-01-27,Sleepy Hollow,1999,https://boxd.it/26u0
2026-01-27,Sweeney Todd: The Demon Barber of Fleet Street,2007,https://boxd.it/1PcS
2026-01-27,Edward Scissorhands,1990,https://boxd.it/2aZc
2026-01-27,Around the World in 80 Days,2004,https://boxd.it/1WPs
2026-01-27,Monsters University,2013,https://boxd.it/bQm
2026-01-27,Back to the Future Part II,1989,https://boxd.it/2aYI
2026-01-27,Rushmore,1998,https://boxd.it/1TAO
2026-01-27,Wedding Crashers,2005,https://boxd.it/1Yte
2026-01-27,The Day After Tomorrow,2004,https://boxd.it/2aog
2026-01-27,Everest,2015,https://boxd.it/7r7Q
2026-01-27,The Guilty,2021,https://boxd.it/kOPW
2026-01-27,The Suicide Squad,2021,https://boxd.it/fw6O
2026-01-27,Wreck-It Ralph,2012,https://boxd.it/2TTS
2026-01-27,Taken,2008,https://boxd.it/1ZXa
2026-01-27,Toy Story 2,1999,https://boxd.it/29qq
2026-01-27,Nausicaä of the Valley of the Wind,1984,https://boxd.it/2bc6
2026-01-27,Ponyo,2008,https://boxd.it/1S0A
2026-01-27,Midsommar,2019,https://boxd.it/jhxe
2026-01-27,Scream,1996,https://boxd.it/24EC
2026-01-27,Trainspotting,1996,https://boxd.it/29XY
2026-01-27,Solo: A Star Wars Story,2018,https://boxd.it/bGWs
2026-01-27,Star Wars: The Rise of Skywalker,2019,https://boxd.it/5xlK
2026-01-27,Star Wars: The Last Jedi,2017,https://boxd.it/5xme
2026-01-27,Star Wars: The Force Awakens,2015,https://boxd.it/4vru
2026-01-27,Cars,2006,https://boxd.it/29ho
2026-01-27,X-Men: The Last Stand,2006,https://boxd.it/1a5Q
2026-01-27,Pacific Rim,2013,https://boxd.it/2cB2
2026-01-27,X2,2003,https://boxd.it/1a7i
2026-01-27,Wonder Woman,2017,https://boxd.it/9roG
2026-01-27,Ready Player One,2018,https://boxd.it/aZes
2026-01-27,Ant-Man and the Wasp,2018,https://boxd.it/cqUW
2026-01-27,"I, Robot",2004,https://boxd.it/27y8
2026-01-27,The Hunger Games: Catching Fire,2013,https://boxd.it/3sAw
2026-01-27,X-Men,2000,https://boxd.it/1a7s
2026-01-27,Star Wars: Episode II – Attack of the Clones,2002,https://boxd.it/27V2
2026-01-27,X-Men Origins: Wolverine,2009,https://boxd.it/27ug
2026-01-27,Thor: The Dark World,2013,https://boxd.it/2DqA
2026-01-27,Man of Steel,2013,https://boxd.it/FRk
2026-01-27,X-Men: Apocalypse,2016,https://boxd.it/7eJi
2026-01-27,The Wolverine,2013,https://boxd.it/2CWU
2026-01-27,Spider-Man 3,2007,https://boxd.it/2a7Y
2026-01-27,Captain America: The First Avenger,2011,https://boxd.it/28b0
2026-01-27,Fury,2014,https://boxd.it/6JwC
2026-01-27,X-Men: First Class,2011,https://boxd.it/FOA
2026-01-27,Big Hero 6,2014,https://boxd.it/5rje
2026-01-27,In Time,2011,https://boxd.it/FPS
2026-01-27,Jurassic World,2015,https://boxd.it/4n0g
2026-01-27,Men in Black II,2002,https://boxd.it/2a0y
2026-01-27,X-Men: Days of Future Past,2014,https://boxd.it/4aRw
2026-01-27,The Maze Runner,2014,https://boxd.it/5YPM
2026-01-27,Kingsman: The Golden Circle,2017,https://boxd.it/buJm
2026-01-27,Edge of Tomorrow,2014,https://boxd.it/4pD0
2026-01-27,Ocean's Twelve,2004,https://boxd.it/2aZ2
2026-01-27,The Hobbit: The Desolation of Smaug,2013,https://boxd.it/nmS
2026-01-27,The Hobbit: The Battle of the Five Armies,2014,https://boxd.it/43aU
2026-01-27,Iron Man 3,2013,https://boxd.it/2cBQ
2026-01-27,Men in Black,1997,https://boxd.it/2a0I
2026-01-27,Iron Man 2,2010,https://boxd.it/1WZM
2026-01-27,Pirates of the Caribbean: At World's End,2007,https://boxd.it/2aGu
2026-01-27,Pirates of the Caribbean: On Stranger Tides,2011,https://boxd.it/27Z4
2026-01-27,Now You See Me 2,2016,https://boxd.it/99fw
2026-01-27,Sherlock Holmes: A Game of Shadows,2011,https://boxd.it/k3S
2026-01-27,Ford v Ferrari,2019,https://boxd.it/ce74
2026-01-27,"Monsters, Inc.",2001,https://boxd.it/2a46
2026-01-27,Jurassic Park,1993,https://boxd.it/2aA2
2026-01-27,Indiana Jones and the Last Crusade,1989,https://boxd.it/2baO
2026-01-27,Up,2009,https://boxd.it/1OEc
2026-01-27,Toy Story 3,2010,https://boxd.it/1WRe
2026-01-27,Se7en,1995,https://boxd.it/29zs
2026-01-27,The Pianist,2002,https://boxd.it/2aqc
2026-01-27,An American Werewolf in London,1981,https://boxd.it/29yk
2026-01-27,The Wolf's Call,2019,https://boxd.it/hqkE
2026-01-27,Argylle,2024,https://boxd.it/w1kk
2026-01-27,Limitless,2011,https://boxd.it/Aly
2026-01-27,Oblivion,2013,https://boxd.it/2Bzq
2026-01-27,The Boat That Rocked,2009,https://boxd.it/1FZA
2026-01-27,Four Weddings and a Funeral,1994,https://boxd.it/29KA
2026-01-27,Kingdom of the Planet of the Apes,2024,https://boxd.it/ohEE
2026-01-27,The Fifth Element,1997,https://boxd.it/71k
2026-01-27,Shrek,2001,https://boxd.it/29zi
2026-01-27,Kung Fu Panda,2008,https://boxd.it/1Yws
2026-01-27,Kung Fu Panda 3,2016,https://boxd.it/4uRQ
2026-01-27,Kung Fu Panda 2,2011,https://boxd.it/G36
2026-01-27,How to Train Your Dragon,2010,https://boxd.it/1WRy
2026-01-27,Toy Story,1995,https://boxd.it/29qA
2026-01-27,The Polar Express,2004,https://boxd.it/23am
2026-01-27,Spider-Man,2002,https://boxd.it/2a8i
2026-01-27,The Amazing Spider-Man 2,2014,https://boxd.it/3utM
2026-01-27,Spider-Man 2,2004,https://boxd.it/2a88
2026-01-27,Black Panther,2018,https://boxd.it/8MHs
2026-01-27,Captain America: The Winter Soldier,2014,https://boxd.it/3r58
2026-01-27,Thor,2011,https://boxd.it/1WQU
2026-01-27,The Amazing Spider-Man,2012,https://boxd.it/27PI
2026-01-27,Spider-Man: Far From Home,2019,https://boxd.it/fegG
2026-01-27,Jumanji: Welcome to the Jungle,2017,https://boxd.it/bUeE
2026-01-27,Jumanji: The Next Level,2019,https://boxd.it/ixu4
2026-01-27,Fast & Furious Presents: Hobbs & Shaw,2019,https://boxd.it/dnDA
2026-01-27,San Andreas,2015,https://boxd.it/7sUa
2026-01-27,Jungle Cruise,2021,https://boxd.it/g4YK
2026-01-27,Free Guy,2021,https://boxd.it/k8dm
2026-01-27,Horton Hears a Who!,2008,https://boxd.it/1SfA
2026-01-27,A Christmas Carol,2009,https://boxd.it/1HKW
2026-01-27,Harry Potter and the Deathly Hallows: Part 2,2011,https://boxd.it/1RYk
2026-01-27,Harry Potter and the Deathly Hallows: Part 1,2010,https://boxd.it/1RYu
2026-01-27,Harry Potter and the Goblet of Fire,2005,https://boxd.it/29Qo
2026-01-27,Harry Potter and the Prisoner of Azkaban,2004,https://boxd.it/29Qy
2026-01-27,Harry Potter and the Half-Blood Prince,2009,https://boxd.it/29FU
2026-01-27,Harry Potter and the Order of the Phoenix,2007,https://boxd.it/29Qe
2026-01-27,Harry Potter and the Chamber of Secrets,2002,https://boxd.it/29QI
2026-01-27,Harry Potter and the Philosopher's Stone,2001,https://boxd.it/29QS
2026-01-27,Charlie and the Chocolate Factory,2005,https://boxd.it/2b68
2026-01-27,Night at the Museum: Secret of the Tomb,2014,https://boxd.it/5x3m
2026-01-27,Night at the Museum,2006,https://boxd.it/28wi
2026-01-27,Tucker and Dale vs. Evil,2010,https://boxd.it/Mce
2026-01-27,Swiss Army Man,2016,https://boxd.it/bDG2
2026-01-27,Lars and the Real Girl,2007,https://boxd.it/21tG
2026-01-27,Guy Ritchie's The Covenant,2023,https://boxd.it/xjcK
2026-01-27,Shaun of the Dead,2004,https://boxd.it/29J8
2026-01-27,Hot Fuzz,2007,https://boxd.it/2416
2026-01-27,The World's End,2013,https://boxd.it/3EiO
2026-01-27,The Hangover,2009,https://boxd.it/1GjK
2026-01-27,Kirikou and the Sorceress,1998,https://boxd.it/1C3y
2026-01-27,Triangle of Sadness,2022,https://boxd.it/hXlq
2026-01-27,The Hitman's Bodyguard,2017,https://boxd.it/dCmO
2026-01-27,Tower Heist,2011,https://boxd.it/iQI
2026-01-27,Asteroid City,2023,https://boxd.it/s3ds
2026-01-27,The Life Aquatic with Steve Zissou,2004,https://boxd.it/2aqw
2026-01-27,10 Things I Hate About You,1999,https://boxd.it/23AO
2026-01-27,Captain Fantastic,2016,https://boxd.it/b2K2
2026-01-27,Source Code,2011,https://boxd.it/fdo
2026-01-27,What If,2013,https://boxd.it/6ljk
2026-01-27,The Unbearable Weight of Massive Talent,2022,https://boxd.it/o6eK
2026-01-27,The Nice Guys,2016,https://boxd.it/94Hg
2026-01-27,Green Book,2018,https://boxd.it/hErk
2026-01-27,Train to Busan,2016,https://boxd.it/dSQU
2026-01-27,Bullet Train,2022,https://boxd.it/qW26
2026-01-27,The Sixth Sense,1999,https://boxd.it/29Js
2026-01-27,The Lobster,2015,https://boxd.it/7tnw
2026-01-27,Blue Valentine,2010,https://boxd.it/MxG
2026-01-27,Stay,2005,https://boxd.it/20BE
2026-01-27,Her,2013,https://boxd.it/4O24
2026-01-27,Anna Karenina,2012,https://boxd.it/3lyy
2026-01-27,Alice in Wonderland,2010,https://boxd.it/1Spq
2026-01-27,Ex Machina,2015,https://boxd.it/7T2k
2026-01-27,Zoolander,2001,https://boxd.it/1YMA
2026-01-27,Incredibles 2,2018,https://boxd.it/7IPg
2026-01-27,Bohemian Rhapsody,2018,https://boxd.it/f1TK
2026-01-27,Tolkien,2019,https://boxd.it/gM4G
2026-01-27,The Incredibles,2004,https://boxd.it/1XLm
2026-01-27,The Hunger Games,2012,https://boxd.it/2uds
2026-01-27,Spider-Man: Across the Spider-Verse,2023,https://boxd.it/kSz4
2026-01-27,Taxi Driver,1976,https://boxd.it/2b8y
2026-01-27,War Dogs,2016,https://boxd.it/9SlO
2026-01-27,The Shawshank Redemption,1994,https://boxd.it/2aHi
2026-01-27,The Hangover Part II,2011,https://boxd.it/PZI
2026-01-27,Mr. & Mrs. Smith,2005,https://boxd.it/29CG
2026-01-27,Closer,2004,https://boxd.it/270K
2026-01-27,21 Jump Street,2012,https://boxd.it/J0
2026-01-27,Little Women,2019,https://boxd.it/aSVk
2026-01-27,Barbie,2023,https://boxd.it/bCLK
2026-01-27,The Cider House Rules,1999,https://boxd.it/28fm
2026-01-27,Lost Highway,1997,https://boxd.it/29Wc
2026-01-27,Blue Velvet,1986,https://boxd.it/29BI
2026-01-27,L.A. Confidential,1997,https://boxd.it/27oC
2026-01-27,The Menu,2022,https://boxd.it/lScm
2026-01-27,The Gentlemen,2019,https://boxd.it/iYBQ
2026-01-27,The Curious Case of Benjamin Button,2008,https://boxd.it/23Fk
2026-01-27,Adam's Apples,2005,https://boxd.it/297e
2026-01-27,The Talented Mr. Ripley,1999,https://boxd.it/2924
2026-01-27,Ant-Man,2015,https://boxd.it/3vmW
2026-01-27,The Hobbit: An Unexpected Journey,2012,https://boxd.it/GZk
2026-01-27,Skyfall,2012,https://boxd.it/17Fc
2026-01-27,Love Actually,2003,https://boxd.it/2aeU
2026-01-27,Don't Look Up,2021,https://boxd.it/o0Hc
2026-01-27,Guardians of the Galaxy Vol. 2,2017,https://boxd.it/8MxC
2026-01-27,Avatar,2009,https://boxd.it/1Efm
2026-01-27,Guardians of the Galaxy,2014,https://boxd.it/3VH2
2026-01-27,Gravity,2013,https://boxd.it/GZY
2026-01-27,Nightcrawler,2014,https://boxd.it/780m
2026-01-27,My Neighbor Totoro,1988,https://boxd.it/20eA
2026-01-27,Die Hard,1988,https://boxd.it/2a7u
2026-01-27,Raiders of the Lost Ark,1981,https://boxd.it/2bbs
2026-01-27,The Intouchables,2011,https://boxd.it/2FT0
2026-01-27,The Lion King,1994,https://boxd.it/201Q
2026-01-27,Spectre,2015,https://boxd.it/6bXY
2026-01-27,The Martian,2015,https://boxd.it/8SeG
2026-01-27,Finding Nemo,2003,https://boxd.it/72i
2026-01-27,Life Is Beautiful,1997,https://boxd.it/29Wm
2026-01-27,The Empire Strikes Back,1980,https://boxd.it/27Vw
2026-01-27,WALL·E,2008,https://boxd.it/1VEo
2026-01-27,Avengers: Age of Ultron,2015,https://boxd.it/3qi6
2026-01-27,Spirited Away,2001,https://boxd.it/2b4m
2026-01-27,Princess Mononoke,1997,https://boxd.it/2b4w
2026-01-27,Everything Everywhere All at Once,2022,https://boxd.it/jUk4
2026-01-27,BlacKkKlansman,2018,https://boxd.it/hxL8
2026-01-27,Bird Box,2018,https://boxd.it/eh1i
2026-01-27,The Social Network,2010,https://boxd.it/17ue
2026-01-27,A Quiet Place,2018,https://boxd.it/fVJQ
2026-01-27,No Time to Die,2021,https://boxd.it/cPX2
2026-01-27,Rogue One: A Star Wars Story,2016,https://boxd.it/aPvy
2026-01-27,Parasite,2019,https://boxd.it/hTha
2026-01-27,Sherlock Holmes,2009,https://boxd.it/1W2A
2026-01-27,The Guilty,2018,https://boxd.it/hw9i
2026-01-27,Another Round,2020,https://boxd.it/lkba
2026-01-27,Monty Python and the Holy Grail,1975,https://boxd.it/29GI
2026-01-27,Life of Brian,1979,https://boxd.it/2a4q
2026-01-27,Dune,2021,https://boxd.it/fA7G
2026-01-27,Ocean's Eleven,2001,https://boxd.it/2aZm
2026-01-27,American Sniper,2014,https://boxd.it/5LDy
2026-01-27,Doctor Strange,2016,https://boxd.it/8MH8
2026-01-27,Captain America: Civil War,2016,https://boxd.it/89Ja
2026-01-27,The Imitation Game,2014,https://boxd.it/6aig
2026-01-27,Kingsman: The Secret Service,2014,https://boxd.it/6dxe
2026-01-27,Doctor Strange in the Multiverse of Madness,2022,https://boxd.it/gaTc
2026-01-27,Now You See Me,2013,https://boxd.it/2Bsu
2026-01-27,The Terminator,1984,https://boxd.it/2aQY
2026-01-27,Iron Man,2008,https://boxd.it/28dA
2026-01-27,Return of the Jedi,1983,https://boxd.it/27Vm
2026-01-27,Pirates of the Caribbean: Dead Man's Chest,2006,https://boxd.it/2bfk
2026-01-27,The Lord of the Rings: The Fellowship of the Ring,2001,https://boxd.it/2b5O
2026-01-27,The Lord of the Rings: The Two Towers,2002,https://boxd.it/2b5E
2026-01-27,V for Vendetta,2005,https://boxd.it/29Ik
2026-01-27,Pirates of the Caribbean: The Curse of the Black Pearl,2003,https://boxd.it/70G
2026-01-27,The Avengers,2012,https://boxd.it/1xFW
2026-01-27,Catch Me If You Can,2002,https://boxd.it/29VS
2026-01-27,American Psycho,2000,https://boxd.it/28Vs
2026-01-27,Pulp Fiction,1994,https://boxd.it/29Pq
2026-01-27,The Lord of the Rings: The Return of the King,2003,https://boxd.it/2b5u
2026-01-27,Spider-Man: No Way Home,2021,https://boxd.it/nwRw
2026-01-27,Forrest Gump,1994,https://boxd.it/728
2026-01-27,Top Gun: Maverick,2022,https://boxd.it/cjr4
2026-01-27,Avengers: Endgame,2019,https://boxd.it/9vE4
2026-01-27,Saving Private Ryan,1998,https://boxd.it/29ro
2026-01-27,Fight Club,1999,https://boxd.it/2a9q
2026-01-27,Joker,2019,https://boxd.it/h4cS
2026-01-27,The Wolf of Wall Street,2013,https://boxd.it/3C1m
2026-01-27,Batman Begins,2005,https://boxd.it/2aIg
2026-01-27,The Dark Knight Rises,2012,https://boxd.it/H3m
2026-01-27,Interstellar,2014,https://boxd.it/4VZ8
2026-01-27,The Dark Knight,2008,https://boxd.it/2b0k
2026-01-27,Inception,2010,https://boxd.it/1skk
2026-01-27,Tenet,2020,https://boxd.it/leq4
2026-01-27,"The French Dispatch of the Liberty, Kansas Evening Sun",2021,https://boxd.it/jLP8
2026-01-27,2001: A Space Odyssey,1968,https://boxd.it/2bf0
2026-01-27,Django Unchained,2012,https://boxd.it/2cCk
2026-01-27,Marriage Story,2019,https://boxd.it/hJAw
2026-01-27,My Dinner with Andre,1981,https://boxd.it/1vLe
2026-01-27,Blade Runner 2049,2017,https://boxd.it/b8wK
2026-01-27,The Big Short,2015,https://boxd.it/ajZw
2026-01-27,Testament of Orpheus,1960,https://boxd.it/19Bm
2026-01-27,Dead Man,1995,https://boxd.it/29h4
